KundenID,Name,Geburtsdatum,Adresse,EndeMitgliedschaft,Ausgeliehen
211,???,05-10-1997,"Sergei-Bärer-Allee 88/14, 52818 Königs Wusterhausen",09.05.2028,"[('978-0-01-213170-1', None)]"
227,Beatrice Haering,19-03-2003,"Gotthardallee 2, 56354 Bad Mergentheim",24.11.2026,"[('978-0-215-71167-0', datetime.date(2025, 10, 1)), ('978-0-85392-387-9', datetime.date(2025, 10, 19)), ('978-1-57653-224-9', datetime.date(2025, 10, 13)), ('978-0-211-59695-0', datetime.date(2025, 10, 20)), ('978-0-590-77302-7', datetime.date(2025, 10, 3))]"
93,Freia Schuchhardt,22-04-1939,,30-04-2026,"[('978-1-207-22785-8', None), ('1-84348-614-8', None), ('978-0-14-659694-0', None)]"
32,Viktor Kaul,17-02-1916,"Ehrentraud-Heydrich-Gasse 6016, 23460 Cottbus",06.10.2026,"[('978-0-8065-9424-8', datetime.date(2025, 10, 4))]"
203,Melanie Mentzel,26-11-1919,"Rennerstr. 6-6, 03808 Aachen",10.01.2030,"[('978-0-7206-2940-8', datetime.date(2025, 10, 18))]"
46,Paul-Heinz Textor,09-08-1951,"Matthias-Junck-Straße 14, 45045 Melle",27.12.2026,"[('978-0-671-72107-7', datetime.date(2025, 10, 10)), ('978-0-85392-387-9', datetime.date(2025, 10, 17)), ('978-0-02-149573-3', datetime.date(2025, 10, 12))]"
28,Fabienne Dussen van,,"Magrit-Weihmann-Platz 36, 31568 Fulda",30-04-2026,"[('978-0-941108-58-4', None), ('978-0-467-08015-9', None)]"
48,Martine Gunpf,23-09-1955,"Zorbachring 1/8, 06429 Brand",06.06.2026,"[('978-0-918419-84-2', datetime.date(2025, 10, 17)), ('978-1-66634-869-9', datetime.date(2025, 10, 5)), ('978-0-475-38812-4', datetime.date(2025, 10, 12))]"
191,Cäcilia Karge,10-09-1900,"Wellerweg 8524, 55814 Luckau",27.01.2029,"[('978-1-230-47657-5', None), ('978-1-03-287001-4', None), ('978-1-951014-62-9', None), ('978-0-371-04782-8', None), ('978-0-441-86199-6', None)]"
127,Goran Staude,17-06-1953,"Günter-Schönland-Gasse 7, 97529 Naila",26.05.2027,"[('978-1-296-64526-7', datetime.date(2025, 10, 16)), ('978-0-8076-0872-2', datetime.date(2025, 9, 30)), ('978-0-7754-0718-1', datetime.date(2025, 10, 17)), ('978-0-619-00011-0', datetime.date(2025, 10, 6))]"
56,Margarethe Beyer,17-02-1987,"Mudeplatz 7849, 16159 Nördlingen",10.11.2027,"[('978-0-7026-2197-0', datetime.date(2025, 10, 19)), ('0-553-07007-X', datetime.date(2025, 10, 18)), ('1-342-48761-3', datetime.date(2025, 10, 3)), ('978-1-165-05415-2', datetime.date(2025, 10, 18)), ('978-0-681-69543-6', datetime.date(2025, 10, 9))]"
96,Veronica Krein,12-08-1989,"Hans-Christian-Cichorius-Gasse 7, 14000 Erfurt",15.08.2028,"[('978-0-89063-623-7', datetime.date(2025, 10, 11)), ('978-1-258-02226-6', datetime.date(2025, 10, 18)), ('978-0-7777-9164-6', datetime.date(2025, 10, 1)), ('978-1-63922-574-3', datetime.date(2025, 10, 6)), ('978-1-261-60647-7', datetime.date(2025, 10, 12))]"
119,Dietrich Peukert,08-06-1901,"Sagerweg 4-1, 83127 Demmin",19.08.2029,"[('978-0-11-961540-1', datetime.date(2025, 10, 9)), ('978-1-129-94338-6', datetime.date(2025, 10, 17))]"
129,Türkan Juncken,13-09-1929,"Henckallee 77-82, 41232 Meppen",23.02.2026,"[('0-553-07007-X', datetime.date(2025, 10, 7)), ('978-0-279-45449-0', datetime.date(2025, 10, 17)), ('978-1-4635-8341-5', datetime.date(2025, 10, 1)), ('978-1-305-27354-2', datetime.date(2025, 10, 6))]"
252,Tamara Barth,28-08-2005,"Theresia-Trommler-Ring 54/89, 75874 Warendorf",14.10.2030,"[('978-1-68326-748-5', datetime.date(2025, 10, 4)), ('978-1-60422-311-8', datetime.date(2025, 10, 10)), ('978-0-267-31535-2', datetime.date(2025, 10, 13)), ('978-0-385-83790-3', datetime.date(2025, 10, 6))]"
3,Cindy Gnatz,01-04-2000,"Benthinplatz 47, 49682 Eckernförde",24.09.2026,"[('978-1-275-97406-7', datetime.date(2025, 10, 7)), ('978-1-66634-869-9', datetime.date(2025, 10, 20)), ('978-1-5365-8613-8', datetime.date(2025, 10, 20)), ('978-0-412-34108-3', datetime.date(2025, 9, 30)), ('978-0-15-169201-9', datetime.date(2025, 10, 3))]"
172,Maik Pergande,25-01-1968,"Steckelweg 7-2, 94229 Göppingen",19.09.2029,"[('978-0-00-695489-7', datetime.date(2025, 10, 3)), ('978-0-85392-387-9', datetime.date(2025, 10, 19)), ('978-0-671-72107-7', datetime.date(2025, 10, 4)), ('978-1-67593-595-8', datetime.date(2025, 10, 7))]"
184,Elfi Krein,09-04-1936,"Hofmannplatz 1, 77033 Gotha",02.04.2029,"[('978-0-468-54432-2', datetime.date(2025, 10, 11)), ('0-7714-0683-5', datetime.date(2025, 10, 9)), ('978-1-992177-87-1', datetime.date(2025, 10, 18)), ('978-0-518-10929-7', datetime.date(2025, 10, 5)), ('978-0-9710163-0-9', datetime.date(2025, 10, 5))]"
231,Betti Wiek,13-06-1991,unbekannt,gestorben,"[('978-0-251-30182-8', None)]"
90,Leander Geisler,14-05-1988,"Säuberlichallee 38, 45147 Aachen",23.01.2027,"[('978-1-66634-869-9', datetime.date(2025, 10, 13)), ('0-675-41232-3', datetime.date(2025, 10, 9)), ('978-0-11-995336-7', datetime.date(2025, 10, 2)), ('978-1-55399-944-7', datetime.date(2025, 10, 1))]"
196,Ole Zahn,15-03-1975,"Stahrstraße 207, 39357 Greifswald",2029-12-11,"[('978-0-01-113203-7', datetime.date(2025, 10, 20)), ('0-02-002669-2', datetime.date(2025, 10, 3)), ('978-1-347-00958-1', datetime.date(2025, 10, 9)), ('978-0-918419-84-2', datetime.date(2025, 10, 18)), ('978-1-4449-2357-5', datetime.date(2025, 9, 30))]"
242,Elise Lange,18-07-1905,"Schmidtkestraße 1, 60160 Burglengenfeld",23.09.2029,"[('978-1-06-266844-5', datetime.date(2025, 10, 20)), ('978-0-676-94015-2', datetime.date(2025, 10, 16))]"
109,Nikolai Schulz,01-03-1965,"Hanno-Koch II-Allee 3/7, 20446 Chemnitz",01.08.2030,"[('978-0-9949040-4-1', datetime.date(2025, 9, 30))]"
187,Frieda Matthäi,22-04-1953,"Willibert-Hettner-Allee 7427, 53417 Artern",10.06.2027,"[('978-1-5244-5942-0', datetime.date(2025, 10, 18)), ('978-1-4789-6048-5', datetime.date(2025, 10, 5)), ('0-355-56337-1', datetime.date(2025, 10, 20))]"
178,Hans-H. Dippel,26-08-1918,"Marita-Käster-Straße 824, 84718 Calau",19.05.2029,"[('978-0-427-19033-1', datetime.date(2025, 10, 20)), ('978-1-77295-193-6', datetime.date(2025, 10, 13)), ('978-0-19-148214-4', datetime.date(2025, 10, 18)), ('978-1-964834-48-1', datetime.date(2025, 10, 17))]"
132,Kläre Henck,29-08-1976,"Henny-Wulff-Gasse 7464, 63486 Eberswalde",09.05.2030,"[('978-1-140-59753-7', datetime.date(2025, 10, 6)), ('978-0-8309-0180-7', datetime.date(2025, 10, 5)), ('978-1-356-18207-7', datetime.date(2025, 10, 20)), ('978-1-208-05216-9', datetime.date(2025, 10, 1))]"
234,Bodo Oderwald,16-04-1948,"Harold-Ullmann-Platz 3015, 84669 Konstanz",04.02.2027,"[('978-0-303-55977-1', datetime.date(2025, 10, 8)), ('978-0-411-95572-4', datetime.date(2025, 10, 20)), ('978-0-926910-59-1', datetime.date(2025, 10, 13)), ('978-1-4944-1839-7', datetime.date(2025, 10, 13)), ('978-0-9983110-7-4', datetime.date(2025, 10, 10))]"
163,Rüdiger van der Dussen,19-08-1911,"Austermühleallee 960, 37312 Karlsruhe",07.11.2027,"[('978-1-101-20158-9', datetime.date(2025, 10, 7))]"
42,Madlen Junk,30-05-1970,"Elsa-Täsche-Ring 426, 52652 Garmisch-Partenkirchen",08.05.2030,"[('978-1-938508-21-9', datetime.date(2025, 10, 10)), ('978-0-918419-84-2', datetime.date(2025, 10, 18))]"
20,Ahmed Weitzel,14-06-1962,"Freudenbergerallee 3/7, 45956 Jülich",2026-03-12,"[('978-0-455-11516-0', datetime.date(2025, 10, 5))]"
182,Annita Tröst,26-08-1927,"Christoph-Kobelt-Ring 3710, 63045 Main-Höchst",17.04.2028,"[('978-0-403-55166-8', datetime.date(2025, 10, 1)), ('978-0-7704-8370-8', datetime.date(2025, 10, 6))]"
131,Traude Kitzmann,25-09-1959,"Jesselgasse 935, 20946 Iserlohn",13.06.2029,"[('978-0-7508-6002-4', datetime.date(2025, 10, 17))]"
57,Zeynep Trupp,17-07-1908,"Faustgasse 54, 69045 Werdau",02.06.2028,"[('978-0-235-10945-7', datetime.date(2025, 10, 5)), ('978-1-189-01344-9', datetime.date(2025, 10, 7))]"
52,Jochem Hertrampf,17-04-2007,"Krausering 359, 25153 Lörrach",16.07.2027,"[('978-0-8199-7095-4', datetime.date(2025, 10, 14)), ('978-1-65991-299-9', datetime.date(2025, 10, 3)), ('1-886949-18-2', datetime.date(2025, 10, 8)), ('978-0-9555616-8-9', datetime.date(2025, 10, 19)), ('978-0-7528-6126-5', datetime.date(2025, 10, 1))]"
217,Friedrich Beckmann,04-08-1920,"Maya-Schmidt-Straße 5, 92067 Miesbach",19.03.2030,[]
157,Kemal Weinhage,18-01-1944,"Kramerring 67-24, 39998 Artern",05.07.2030,"[('978-0-9684767-2-7', datetime.date(2025, 10, 3)), ('978-0-8213-3861-2', datetime.date(2025, 10, 8)), ('978-1-83584-025-2', datetime.date(2025, 10, 6))]"
230,Niklas Anders,12-06-1938,"Albina-Aumann-Allee 2-8, 32435 Forst",22.07.2027,"[('978-0-659-29549-1', datetime.date(2025, 10, 19)), ('978-1-202-14096-1', datetime.date(2025, 10, 20))]"
236,Antonina Karz,26-01-1974,"Artur-Haering-Ring 1/1, 00794 Calau",21.09.2029,"[('978-1-393-41612-8', datetime.date(2025, 10, 9)), ('978-1-5138-5131-0', datetime.date(2025, 10, 18)), ('978-0-05-267596-8', datetime.date(2025, 10, 14))]"
222,Jozef Hettner,05-10-1988,"Klaus Peter-Köhler-Platz 4-1, 33913 Leipziger Land",19.02.2030,"[('978-1-78945-794-0', datetime.date(2025, 10, 8))]"
167,Suzanne Söding,10-12-1979,"Adelheid-Seifert-Allee 9-1, 88535 Pasewalk",11.05.2027,"[('978-0-496-82024-5', datetime.date(2025, 10, 16))]"
250,Magarete Stumpf,15-09-1908,"Fechnerstr. 63, 81364 Uelzen",08.12.2028,"[('978-0-561-86361-0', datetime.date(2025, 10, 7)), ('978-0-08-708599-2', datetime.date(2025, 10, 3)), ('978-1-183-40976-7', datetime.date(2025, 10, 12)), ('978-0-09-874557-1', datetime.date(2025, 10, 4)), ('978-0-456-09324-5', datetime.date(2025, 10, 12))]"
124,Elizabeth Bohlander,06-08-1968,"Gotthardplatz 76/14, 52682 Berchtesgaden",2029-10-05,"[('978-0-279-45449-0', datetime.date(2025, 10, 1))]"
128,Bernard Kraus,06-05-1906,"Vesna-Schomber-Ring 93, 13304 Bad Mergentheim",03.01.2027,"[('978-0-215-71167-0', None), ('978-0-249-78623-1', None)]"
137,???,,"Hans-Wilhelm-Grein Groth-Allee 1/3, 11498 Gransee",2030-11-02,"[('978-0-8131-8794-5', None), ('978-0-292-27797-7', None)]"
108,Laszlo Striebitz,15-12-2000,"Junckstr. 43-64, 85668 Calw",2026-05-12,"[('978-0-8309-0180-7', datetime.date(2025, 10, 18))]"
139,Dagmar Wähner,05-09-1994,"Natali-Schomber-Ring 40-50, 75063 Stade",02.09.2030,"[('978-1-251-33015-3', datetime.date(2025, 10, 7))]"
175,Amir Täsche,06-02-1930,"Bärbel-Roskoth-Straße 5/7, 98307 Erbisdorf",11.04.2028,"[('978-1-70252-091-1', datetime.date(2025, 10, 8)), ('978-0-219-79949-0', datetime.date(2025, 10, 16)), ('978-0-534-57078-1', datetime.date(2025, 10, 18)), ('978-1-4018-9273-9', datetime.date(2025, 10, 1)), ('978-0-941108-58-4', datetime.date(2025, 10, 5))]"
83,Josefa Hellwig,01-06-1923,"Jähnstr. 3, 07556 Hünfeld",18.06.2029,"[('978-0-09-723358-1', datetime.date(2025, 10, 16)), ('978-0-400-73959-5', datetime.date(2025, 10, 15)), ('978-0-537-55855-7', datetime.date(2025, 10, 15)), ('978-0-7945-9074-1', datetime.date(2025, 10, 9)), ('978-0-15-169201-9', datetime.date(2025, 10, 9))]"
101,Veronika Thanel,08-08-1917,"Almut-Steuer-Gasse 244, 19938 Apolda",08.02.2029,"[('978-1-60588-380-9', datetime.date(2025, 10, 19)), ('978-1-85642-418-9', datetime.date(2025, 10, 15))]"
229,Helge Blümel,,,18.12.2030,"[('978-1-62745-322-6', None), ('978-0-545-71666-6', None), ('978-1-927901-31-1', None), ('978-0-88107-455-0', None)]"
112,Ernst Jessel,16-03-1915,"Wigbert-Jacobi Jäckel-Straße 1, 60914 Ludwigsburg",11.09.2030,"[('978-1-74314-752-8', datetime.date(2025, 10, 17)), ('978-1-5476-9152-4', datetime.date(2025, 10, 3))]"
103,Sibille Schweitzer,06-08-2005,"Andersweg 1764, 86314 Amberg",2026-05-11,"[('978-1-4153-6550-2', datetime.date(2025, 10, 11)), ('978-0-263-18785-4', datetime.date(2025, 10, 14))]"
44,Elias Hermighausen,20020610,unbekannt,19.11.2029,"[('978-1-00-206049-0', None), ('978-0-16-493466-3', None), ('978-0-00-560005-4', None), ('978-1-4598-7647-7', None), ('1-4861-1747-3', None)]"
140,Sergio Ortmann,02-07-1928,"Zenon-Pölitz-Allee 92, 60821 Mühlhausen",21.03.2026,"[('978-1-71099-075-1', datetime.date(2025, 10, 15)), ('978-0-9983110-7-4', datetime.date(2025, 10, 20)), ('978-1-311-16543-5', datetime.date(2025, 10, 10)), ('978-1-4773-8815-0', datetime.date(2025, 10, 17))]"
201,Ralf Geisel,22-12-1941,"Drewesstr. 63-72, 45239 Diepholz",2029-01-11,"[('978-0-05-779040-6', datetime.date(2025, 10, 7)), ('978-1-58192-802-0', datetime.date(2025, 10, 9)), ('978-0-215-71167-0', datetime.date(2025, 10, 1)), ('978-1-56799-454-4', datetime.date(2025, 10, 17))]"
248,Berta Bolzmann,06-03-1919,"Eberthstraße 1-2, 04713 Prenzlau",25.11.2026,"[('978-1-321-24356-7', datetime.date(2025, 10, 20)), ('978-1-05-524222-5', datetime.date(2025, 10, 1)), ('978-0-378-24901-0', datetime.date(2025, 9, 30)), ('978-1-311-71856-3', datetime.date(2025, 10, 13))]"
220,Birgitta Becker,26-04-1957,"Kühnertstr. 4-4, 38519 Kusel",20.01.2027,"[('978-1-80187-802-9', datetime.date(2025, 10, 15)), ('978-0-7709-7492-3', datetime.date(2025, 10, 4))]"
244,Hilda Krebs,11-05-1960,"Elfi-Fechner-Gasse 53, 43718 Brand",14.09.2026,"[('978-0-317-62936-1', datetime.date(2025, 10, 11)), ('0-307-25760-6', datetime.date(2025, 10, 9)), ('978-0-581-34377-2', datetime.date(2025, 10, 8)), ('978-1-80029-925-2', datetime.date(2025, 10, 5)), ('978-1-222-08518-1', datetime.date(2025, 10, 6))]"
240,Vitali Schleich,11-03-1999,"Hölzenbecherstr. 6/1, 73169 Eutin",14.04.2030,"[('978-1-71657-244-9', datetime.date(2025, 10, 5)), ('978-0-357-48339-8', datetime.date(2025, 10, 11)), ('978-0-234-94946-7', datetime.date(2025, 10, 12))]"
145,Hilma Reising,02-11-1952,"Edda-Wilms-Ring 8, 80239 Altentreptow",04.07.2026,"[('978-0-282-75378-8', datetime.date(2025, 10, 20)), ('978-0-7994-0153-0', datetime.date(2025, 10, 14)), ('978-1-297-29309-2', datetime.date(2025, 10, 11))]"
205,Claus-Peter Trommler,02-04-1990,"Siegmar-Harloff-Straße 451, 65379 Lüneburg",12.01.2030,"[('978-1-307-08653-9', datetime.date(2025, 10, 15)), ('978-0-399-69078-5', datetime.date(2025, 10, 20)), ('978-1-05-085153-8', datetime.date(2025, 10, 5)), ('978-1-123-04537-6', datetime.date(2025, 10, 16))]"
55,Gilbert Eckbauer,04-10-1911,"Lachmannweg 1-1, 94402 Marktheidenfeld",19.01.2029,"[('978-0-912737-92-8', datetime.date(2025, 10, 19)), ('978-0-606-58489-0', datetime.date(2025, 10, 10)), ('978-0-498-72009-3', datetime.date(2025, 10, 3)), ('978-0-02-456354-5', datetime.date(2025, 10, 1))]"
218,Cornelia Killer,12-02-1926,"Säuberlichgasse 68/68, 24855 Mainburg",2027-01-18,"[('978-0-19-148214-4', datetime.date(2025, 10, 4))]"
51,Nelli Kobelt,02-04-1970,"Röhrichtweg 60, 44842 Mettmann",26.05.2030,"[('978-1-200-68507-5', datetime.date(2025, 10, 15)), ('978-0-351-65967-6', datetime.date(2025, 10, 6)), ('978-1-927670-50-7', datetime.date(2025, 10, 2)), ('978-1-196-65285-3', datetime.date(2025, 10, 9))]"
174,Carmela Seifert,04-12-1975,"Nora-Textor-Ring 64, 22818 Weißenfels",15.02.2028,"[('978-0-599-01862-4', datetime.date(2025, 10, 5)), ('978-0-462-89625-0', datetime.date(2025, 10, 14)), ('978-1-4599-5009-2', datetime.date(2025, 9, 30)), ('978-1-00-175301-0', datetime.date(2025, 10, 8)), ('978-0-406-29435-7', datetime.date(2025, 10, 10))]"
152,Tino Riehl,24-12-1952,"Gerfried-Zirme-Straße 56-19, 51079 Schwabmünchen",02.06.2028,"[('978-0-498-62790-3', datetime.date(2025, 10, 13)), ('978-1-219-95291-5', datetime.date(2025, 10, 14))]"
206,Cilli Martin,25-09-1978,"Wirthstr. 88/80, 12607 Nauen",21.11.2029,[]
97,Jutta Fröhlich,05-08-1995,"Mohauptstr. 6/6, 24621 Schweinfurt",2030-07-26,"[('978-1-895306-29-3', datetime.date(2025, 10, 18)), ('978-1-57683-781-8', datetime.date(2025, 10, 15)), ('978-1-135-07748-8', datetime.date(2025, 10, 13)), ('978-0-658-39113-2', datetime.date(2025, 10, 11)), ('978-1-5127-5081-2', datetime.date(2025, 10, 10))]"
117,Augustin Stiffel,NULL,unbekannt,08.02.2028,[]
49,Jurij Stroh,27-07-1953,"Hölzenbechergasse 1, 13203 Spremberg",20.11.2028,"[('978-1-70726-111-6', datetime.date(2025, 10, 4))]"
84,Margrit Zahn,10-10-2000,"Hassan-Schweitzer-Ring 6-3, 37490 Bergzabern",14.04.2030,"[('978-1-64525-906-0', None), ('978-0-05-779040-6', None)]"
197,Sonja Jäntsch,05-01-1992,"Iwona-Conradi-Gasse 6, 07397 Demmin",2028-08-28,"[('978-0-9983110-7-4', datetime.date(2025, 10, 18)), ('978-1-63346-136-9', datetime.date(2025, 10, 7))]"
219,Cosimo Jüttner,,unbekannt,20.06.2029,[]
160,Gülay Weinhage,16-12-1904,"Langernstraße 59/84, 77709 Augsburg",27.02.2026,"[('978-1-83432-104-2', datetime.date(2025, 10, 10)), ('978-0-09-524115-1', datetime.date(2025, 10, 5)), ('978-1-84642-063-4', datetime.date(2025, 10, 20)), ('978-0-912561-44-8', datetime.date(2025, 10, 9)), ('978-1-72103-066-8', datetime.date(2025, 9, 30))]"
60,,30-06-1906,unbekannt,10.04.2028,[]
126,Erhard Höfig,22-03-1973,"Johannplatz 556, 07312 Roding",2029-02-06,"[('978-0-613-28140-9', datetime.date(2025, 10, 11)), ('978-0-339-73688-7', datetime.date(2025, 10, 18)), ('978-0-10-859165-5', datetime.date(2025, 10, 1)), ('978-1-00-476563-8', datetime.date(2025, 10, 17)), ('978-0-315-51354-9', datetime.date(2025, 10, 20))]"
173,,17-10-1961,"Stiffelallee 1-5, 09523 Schwabmünchen",18.05.2028,"[('978-1-951807-71-9', None), ('978-0-7701-6465-2', None), ('978-1-78263-127-9', None)]"
104,Philip Dietz,02-07-1964,,10.11.2027,"[('978-0-8083-1276-5', None), ('978-0-678-15442-7', None), ('978-1-4674-2439-4', None), ('978-1-314-20814-6', None), ('978-1-71316-072-4', None)]"
1,Serge Wagner,21-05-1901,"Jurij-Rosemann-Straße 751, 82982 Wittmund",28.05.2026,"[('978-1-4040-2812-8', datetime.date(2025, 10, 17)), ('978-0-590-77302-7', datetime.date(2025, 10, 2))]"
148,Hugo Huhn,04-12-1975,"Dörschnerstraße 7-7, 67384 Dessau",2026-08-11,"[('978-1-936307-42-5', datetime.date(2025, 10, 7)), ('978-0-939408-87-0', datetime.date(2025, 10, 20)), ('978-0-674-24471-9', datetime.date(2025, 10, 5)), ('978-1-943474-66-0', datetime.date(2025, 10, 9)), ('978-0-403-35362-0', datetime.date(2025, 10, 20))]"
39,Lena,14-05-1916,unbekannt,unbekannt,"[('978-1-01-390201-7', None), ('978-1-277-63746-5', None), ('978-1-58991-592-3', None)]"
238,Lorenz Buchholz,18-05-1904,"Hanni-Bohlander-Weg 23/87, 19227 Siegen",04.10.2027,"[('978-0-463-97786-6', datetime.date(2025, 10, 13)), ('978-0-537-67436-3', datetime.date(2025, 10, 2)), ('978-1-60588-380-9', datetime.date(2025, 10, 13))]"
188,Viviane Junitz,28-12-1955,"Beyerplatz 7-6, 65861 Forchheim",23.07.2028,"[('978-0-10-134310-7', datetime.date(2025, 10, 15)), ('978-0-87912-652-0', datetime.date(2025, 10, 18)), ('978-1-64214-876-3', datetime.date(2025, 10, 2))]"
134,Mike Förster,31-08-1914,"Gertrud-Hölzenbecher-Platz 34-65, 19904 Stade",13.10.2028,"[('978-1-70252-091-1', datetime.date(2025, 10, 1)), ('978-0-570-53001-5', datetime.date(2025, 10, 4)), ('978-0-7743-1561-6', datetime.date(2025, 10, 3))]"
215,Heino Mosemann,10-01-1993,"Zahnweg 3-2, 82512 Wetzlar",23.06.2028,"[('978-1-171-38666-7', datetime.date(2025, 10, 19)), ('978-0-281-80390-3', datetime.date(2025, 10, 12))]"
15,Janine Meyer,22-04-2003,"Lilian-Wilmsen-Gasse 51, 34375 Sternberg",06.07.2029,"[('978-0-283-43450-1', datetime.date(2025, 10, 9)), ('978-1-4992-2970-7', datetime.date(2025, 10, 13))]"
190,Christa Vollbrecht,02-05-1936,"Elisa-Kobelt-Ring 99/10, 49608 Säckingen",11.09.2026,"[('978-0-919775-34-3', datetime.date(2025, 9, 30)), ('978-0-259-68214-1', datetime.date(2025, 9, 30)), ('978-0-13-550229-7', datetime.date(2025, 10, 8))]"
16,Jacob Siering,30-04-1961,"Henckstraße 81-26, 37469 Eilenburg",06.03.2029,"[('978-0-522-95282-7', datetime.date(2025, 10, 5)), ('978-0-301-52384-2', datetime.date(2025, 10, 17)), ('978-1-67389-964-1', datetime.date(2025, 10, 14)), ('978-1-230-47657-5', datetime.date(2025, 10, 9)), ('978-1-58618-772-9', datetime.date(2025, 10, 6))]"
69,Janusz Neuschäfer,22-09-1993,"Denny-Klotz-Platz 25, 92012 Miesbach",12.01.2030,"[('978-0-7091-6753-2', datetime.date(2025, 10, 13)), ('978-1-4854-4563-0', datetime.date(2025, 10, 17))]"
198,Jo Trupp,05-12-1971,"Nadia-Klotz-Allee 9-9, 06913 Geithain",28.02.2029,"[('978-1-356-18207-7', datetime.date(2025, 10, 3)), ('978-1-58297-750-8', datetime.date(2025, 10, 19)), ('978-0-650-55784-0', datetime.date(2025, 10, 6)), ('978-1-69109-873-6', datetime.date(2025, 10, 2))]"
154,Hendrik Steuer,22-10-1998,"Conrad-Döhn-Allee 8/2, 18314 Neustrelitz",27.01.2028,"[('978-0-9792920-4-0', None)]"
141,Tino Tlustek,05-05-1949,unbekannt,26.09.2026,"[('978-0-475-25727-7', None), ('978-0-292-76739-3', None)]"
47,Katharine Nette,17-08-1901,"Romy-Kroker-Ring 75, 95615 Schrobenhausen",23.07.2026,"[('978-0-03-902042-2', datetime.date(2025, 10, 12)), ('978-0-16-978409-6', datetime.date(2025, 10, 8)), ('0-470-35201-9', datetime.date(2025, 9, 30)), ('978-1-02-481863-5', datetime.date(2025, 10, 20))]"
98,Leyla Stoll,15-05-1930,"Junkweg 9-1, 87802 Wernigerode",10.12.2030,"[('978-1-55860-297-7', datetime.date(2025, 10, 12)), ('978-0-224-32198-3', datetime.date(2025, 10, 15)), ('978-0-257-99860-2', datetime.date(2025, 10, 16)), ('978-0-403-35362-0', datetime.date(2025, 10, 1))]"
225,Evelyn Weiß,22-01-1978,"Kramerweg 42-81, 58294 Cuxhaven",09.05.2027,"[('978-0-9742478-9-2', datetime.date(2025, 10, 12)), ('0-355-56337-1', datetime.date(2025, 10, 10)), ('978-1-78263-127-9', datetime.date(2025, 10, 10))]"
224,Mareike Schönland,17-04-1960,"Butteplatz 58, 18335 Greiz",07.12.2030,"[('978-1-56799-454-4', datetime.date(2025, 10, 4)), ('978-1-02-919553-3', datetime.date(2025, 10, 14)), ('978-1-00-467580-7', datetime.date(2025, 10, 14)), ('978-0-529-09019-5', datetime.date(2025, 10, 3))]"
21,Helene Schinke,23-04-1962,"Oestrovskyplatz 99/34, 70753 Nabburg",10.07.2028,"[('0-260-60305-8', datetime.date(2025, 10, 5)), ('0-287-35381-8', datetime.date(2025, 10, 14)), ('978-0-7704-8370-8', datetime.date(2025, 10, 12))]"
13,Marco Johann,04-01-1953,"Rosemannstr. 9, 71192 Badoberan",01.03.2026,"[('978-0-674-24471-9', datetime.date(2025, 10, 7)), ('978-1-82042-336-1', datetime.date(2025, 10, 20))]"
159,Jens-Uwe Pohl,15-08-1949,"Pölitzallee 669, 22319 Plauen",2027-09-20,"[('978-1-286-14574-6', datetime.date(2025, 10, 10)), ('978-1-60181-047-2', datetime.date(2025, 10, 16)), ('978-0-02-712092-9', datetime.date(2025, 10, 10)), ('978-1-61621-500-2', datetime.date(2025, 10, 18))]"
61,Katarzyna Wilms,16-07-1952,"Sevim-Zahn-Weg 9, 07595 Warendorf",18.08.2028,"[('1-893310-79-5', datetime.date(2025, 10, 15)), ('978-0-919775-34-3', datetime.date(2025, 10, 1))]"
143,Christiana Holsten,25-11-1965,"Blochgasse 2110, 43101 Darmstadt",10.10.2030,"[('978-1-283-80277-2', datetime.date(2025, 10, 16))]"
232,Dieter Rädel,16-01-2006,"Marion-Seidel-Platz 32-71, 90274 Neu-Ulm",2027-12-21,"[('978-0-10-171749-6', datetime.date(2025, 10, 14)), ('978-0-348-30312-4', datetime.date(2025, 10, 2)), ('978-0-503-38324-4', datetime.date(2025, 10, 16)), ('978-1-72505-568-1', datetime.date(2025, 10, 14))]"
24,Klaus Steinberg,13-04-1908,"Hilma-Heuser-Platz 6/1, 23020 Dinkelsbühl",2028-06-07,"[('978-0-9792920-4-0', datetime.date(2025, 10, 9)), ('978-0-630-46472-4', datetime.date(2025, 10, 10)), ('0-604-02526-2', datetime.date(2025, 10, 14))]"
88,Tibor Zirme,07-11-1989,"Sontagweg 934, 43054 Regensburg",27.06.2028,"[('978-1-178-16407-7', datetime.date(2025, 10, 1)), ('978-0-496-08500-2', datetime.date(2025, 10, 14))]"
54,Siglinde Gieß,,"Mohamed-Weiß-Allee 21/50, 27476 Naila",30-04-2026,"[('0-7455-1444-8', None), ('978-0-88107-455-0', None), ('978-1-331-58988-4', None), ('978-0-9745888-8-9', None)]"
192,Jeanette Weitzel,10-01-1944,"Weinhagestraße 7/6, 65846 Dinslaken",2026-02-10,"[('978-1-283-80277-2', datetime.date(2025, 10, 1)), ('1-281-85677-0', datetime.date(2025, 10, 9)), ('978-1-311-71856-3', datetime.date(2025, 10, 17))]"
23,Cäcilie Hering,18-10-1988,"Jopichstraße 9, 97753 Burg",04.01.2026,"[('978-0-626-00599-3', datetime.date(2025, 10, 4)), ('978-0-643-52120-9', datetime.date(2025, 10, 16))]"
70,Hans-Friedrich Finke,05-04-1938,"Adalbert-Koch-Weg 3646, 90759 Merseburg",06.04.2030,[]
151,Juliana Thies,09-01-1974,"Andree-Staude-Platz 1370, 44268 Altötting",27.06.2029,"[('978-0-7842-4912-3', datetime.date(2025, 10, 7)), ('978-0-18-274657-6', datetime.date(2025, 10, 10)), ('978-1-59162-222-2', datetime.date(2025, 10, 5)), ('978-0-9896737-5-4', datetime.date(2025, 10, 15)), ('978-0-00-695489-7', datetime.date(2025, 10, 11))]"
10,???,,"Siegbert-Grein Groth-Platz 52, 56302 Osterburg",30-04-2026,[]
27,Hiltrud Adler,,unbekannt,07.10.2027,"[('978-0-341-30575-0', None)]"
12,Aloisia Sontag,27-10-1955,"Schachtallee 876, 50658 Herzberg",07.04.2028,"[('978-0-694-61030-3', datetime.date(2025, 10, 11)), ('978-0-234-00150-9', datetime.date(2025, 10, 10)), ('978-0-7754-0718-1', datetime.date(2025, 10, 1))]"
155,Songül Dörr,14-04-1926,"Trübplatz 5/6, 60506 Ravensburg",19.12.2026,"[('978-1-204-49655-4', datetime.date(2025, 10, 1)), ('978-0-7547-5675-0', datetime.date(2025, 10, 7)), ('978-0-267-31535-2', datetime.date(2025, 10, 16)), ('0-491-41773-X', datetime.date(2025, 10, 19))]"
53,Thorsten Schulz,16-09-1981,"Albina-Steuer-Allee 51-42, 34287 Wurzen",04.06.2029,"[('978-0-593-01923-8', datetime.date(2025, 10, 2)), ('978-0-357-89118-6', datetime.date(2025, 10, 8)), ('978-0-316-10300-8', datetime.date(2025, 10, 1)), ('978-1-4709-9716-8', datetime.date(2025, 10, 20)), ('978-0-360-17998-1', datetime.date(2025, 9, 30))]"
208,Aleksandr Mitschke,12-05-1999,"Nikolai-Eberhardt-Ring 391, 01717 Steinfurt",05.01.2026,"[('978-1-274-99094-5', datetime.date(2025, 10, 15)), ('978-0-85392-387-9', datetime.date(2025, 10, 16)), ('978-1-83559-108-6', datetime.date(2025, 10, 8)), ('978-1-5375-9898-7', datetime.date(2025, 10, 16)), ('978-0-14-456635-8', datetime.date(2025, 10, 19))]"
168,Imelda Nohlmans,06-01-1938,"Tintzmannring 820, 88345 Grimmen",14.12.2027,"[('978-1-85467-662-7', datetime.date(2025, 10, 7)), ('978-1-71308-552-2', datetime.date(2025, 10, 20))]"
114,Bernadette Werner,19000205,"Cäcilia-Scholl-Straße 958, 69780 Bruchsal",gestorben,"[('978-0-7313-9811-9', None), ('978-0-328-06881-4', None), ('978-1-4489-0632-1', None), ('978-0-625-68391-8', None), ('978-1-335-26983-6', None)]"
194,Marleen Ebert,26-05-1900,"Hans-Christian-Kohl-Gasse 5281, 52758 Göppingen",2027-11-11,"[('978-0-511-46510-9', datetime.date(2025, 10, 10))]"
199,Markus Wende,20-06-1964,"Alexei-Krebs-Platz 681, 97988 Viersen",14.12.2027,"[('978-1-77528-647-9', datetime.date(2025, 10, 4))]"
38,Lore Gröttner,20-07-1963,"Romana-Säuberlich-Platz 82-30, 78593 Aurich",13.11.2029,"[('978-0-250-86287-0', datetime.date(2025, 10, 2)), ('978-0-941108-58-4', datetime.date(2025, 10, 3)), ('978-0-654-99322-4', datetime.date(2025, 10, 3)), ('978-1-230-61182-2', datetime.date(2025, 10, 2))]"
235,Martha Misicher,01-06-1915,"Ringweg 54, 99975 Kyritz",11.07.2029,"[('978-1-04-686606-5', datetime.date(2025, 10, 13)), ('978-0-8127-5084-3', datetime.date(2025, 10, 8)), ('978-0-13-264707-6', datetime.date(2025, 10, 10)), ('978-1-942880-46-2', datetime.date(2025, 10, 5)), ('978-0-18-039687-2', datetime.date(2025, 10, 5))]"
99,Manja Trommler,30-12-1958,"Brigitte-Textor-Allee 491, 42076 Jülich",06.06.2029,"[('978-0-8131-8794-5', datetime.date(2025, 10, 3)), ('978-0-682-87101-3', datetime.date(2025, 10, 16)), ('978-0-340-54680-2', datetime.date(2025, 10, 9))]"
9,Ludger Walter,12-01-1967,"Matthäigasse 2520, 19367 Guben",08.03.2026,"[('978-1-00-934175-2', datetime.date(2025, 10, 8)), ('978-1-80817-371-4', datetime.date(2025, 10, 5)), ('978-1-70584-361-1', datetime.date(2025, 10, 7))]"
121,Reinhard Rose,19220402,"Kabusring 58, 85783 Strausberg",26.09.2027,"[('978-1-291-53163-3', None), ('978-1-5250-1410-9', None), ('978-1-183-69632-7', None)]"
179,Sofie Adler,25-12-1949,"Nohlmansring 7/7, 35375 Wertingen",12.01.2026,"[('978-1-57588-521-6', datetime.date(2025, 10, 19))]"
144,Melita Lübs,01-09-1937,"Kallertring 92, 36049 Dachau",03.01.2029,"[('978-0-18-061073-2', datetime.date(2025, 10, 5))]"
81,Imelda Kabus,28-08-1995,"Ruppersbergerstr. 6473, 50348 Kassel",18.09.2029,"[('978-1-67057-982-9', datetime.date(2025, 10, 7)), ('0-491-41773-X', datetime.date(2025, 10, 13)), ('978-0-09-659649-6', datetime.date(2025, 10, 7))]"
5,Klara Eberhardt,08-06-1965,"Junkallee 9-4, 18217 Hoyerswerda",2029-01-01,"[('978-1-328-62183-2', datetime.date(2025, 10, 5)), ('978-1-55230-927-8', datetime.date(2025, 10, 4))]"
41,Inga Wilmsen,25-01-1933,"Kristina-Hartmann-Ring 8/8, 08199 Hettstedt",23.06.2029,"[('978-0-7151-2015-6', datetime.date(2025, 10, 5)), ('978-0-8015-6359-1', datetime.date(2025, 10, 14)), ('978-0-433-43704-8', datetime.date(2025, 10, 10))]"
77,Stefani Heintze,10-04-1949,"Albertine-Oestrovsky-Gasse 2-7, 07399 Zerbst",11.09.2029,"[('978-0-18-661140-5', datetime.date(2025, 10, 11)), ('978-1-250-03790-9', datetime.date(2025, 10, 19)), ('978-1-81584-540-6', datetime.date(2025, 10, 2)), ('978-0-659-29549-1', datetime.date(2025, 10, 8))]"
251,Hellmuth Steuer,20-08-1997,"Ortmannplatz 4/2, 01725 Saarlouis",2027-10-25,"[('978-0-8250-0641-8', datetime.date(2025, 10, 2)), ('978-1-66926-191-9', datetime.date(2025, 10, 13)), ('978-0-683-67536-8', datetime.date(2025, 10, 17)), ('978-1-128-77885-9', datetime.date(2025, 10, 18)), ('978-0-433-43704-8', datetime.date(2025, 10, 12))]"
189,Aleksander Döring,12-09-1984,"Sandy-Lehmann-Ring 5, 15537 Rochlitz",04.03.2028,"[('978-1-4755-5357-4', datetime.date(2025, 10, 16))]"
164,Georgios Lorch,,"Birgit-Löffler-Weg 87/95, 75201 Pegnitz",2029-02-10,"[('978-0-370-94616-0', None), ('978-0-07-682231-7', None), ('1-5232-4441-0', None), ('978-0-328-31587-1', None)]"
120,Klaus Jüttner,25-11-1962,"Dora-Ullmann-Straße 3/5, 89605 Amberg",25.05.2030,"[('978-0-925207-60-9', datetime.date(2025, 10, 5)), ('978-0-05-993549-2', datetime.date(2025, 10, 10)), ('978-0-413-28923-0', datetime.date(2025, 10, 17)), ('978-0-410-71681-4', datetime.date(2025, 10, 10))]"
80,Anatol Trüb,21-03-1979,"Philomena-Mohaupt-Gasse 83, 54071 Anklam",19.08.2027,"[('978-0-522-95282-7', datetime.date(2025, 10, 1)), ('978-0-448-33698-5', datetime.date(2025, 10, 7)), ('978-1-77848-036-2', datetime.date(2025, 10, 9))]"
118,Magnus Stoll,31-08-1939,"Gerlind-Zirme-Straße 29/83, 12935 Kleve",16.09.2028,"[('978-1-208-05216-9', datetime.date(2025, 10, 4)), ('978-1-931721-29-5', datetime.date(2025, 10, 2))]"
2,Anni Wähner,03-02-1956,"Irmengard-Buchholz-Platz 85/60, 86002 Gütersloh",28.02.2028,"[('978-1-09-375556-5', datetime.date(2025, 10, 2)), ('978-1-4203-3140-0', datetime.date(2025, 10, 15)), ('978-0-370-94616-0', datetime.date(2025, 10, 10)), ('978-1-55399-944-7', datetime.date(2025, 10, 2)), ('978-1-285-70746-4', datetime.date(2025, 10, 16))]"
186,Stephanie Ernst,05-12-1963,"Scheelstr. 1/3, 46652 Jena",28.07.2026,"[('978-1-4449-2357-5', datetime.date(2025, 10, 9)), ('978-1-69861-760-2', datetime.date(2025, 10, 8)), ('978-0-537-67436-3', datetime.date(2025, 10, 5))]"
7,Hans Georg Rudolph,16-07-1992,"Junkgasse 47, 28359 Cuxhaven",08.01.2028,"[('978-0-232-41579-7', datetime.date(2025, 10, 13)), ('978-1-872948-55-3', datetime.date(2025, 10, 12)), ('978-1-04-465241-7', datetime.date(2025, 10, 16)), ('978-0-257-99860-2', datetime.date(2025, 10, 18))]"
30,Hartwig Gierschner,20-12-1917,"Florian-Austermühle-Gasse 2/9, 07993 Sigmaringen",16.06.2026,"[('978-1-77295-193-6', datetime.date(2025, 10, 2)), ('978-1-07-181243-3', datetime.date(2025, 9, 30)), ('978-1-5333-7243-7', datetime.date(2025, 9, 30))]"
107,Sylvana Renner,30-06-1949,unbekannt,gestorben,"[('978-1-930260-87-0', None)]"
100,Verena Möchlichen,11-09-2004,"Stavros-Zimmer-Allee 28/23, 10058 Oranienburg",14.12.2029,"[('978-1-4471-4458-8', datetime.date(2025, 10, 17)), ('978-1-58645-422-7', datetime.date(2025, 10, 7)), ('978-0-296-21568-5', datetime.date(2025, 10, 3)), ('978-0-362-95196-7', datetime.date(2025, 10, 3))]"
73,Karlfried Sauer,30-06-2004,"Thorsten-Müller-Platz 2414, 35048 Zschopau",22.07.2027,"[('978-0-590-80277-2', datetime.date(2025, 10, 7)), ('978-1-335-26983-6', datetime.date(2025, 10, 6))]"
72,Branko Döring,19930609,"Buchholzring 53, 77254 Bad Kreuznach",05.07.2026,"[('978-1-9840-2546-3', None), ('978-1-57289-606-2', None), ('978-1-68323-256-8', None), ('978-1-65250-995-0', None), ('978-1-65380-865-6', None)]"
221,Irina Bender,12-02-1971,"Marlen-Kroker-Gasse 926, 79030 Roth",07.02.2027,"[('978-1-57588-521-6', datetime.date(2025, 9, 30)), ('978-0-259-15383-2', datetime.date(2025, 10, 12))]"
35,Camilla Ritter,30-06-1966,"Budigplatz 9779, 54857 Querfurt",18.04.2027,"[('978-0-678-15442-7', datetime.date(2025, 10, 19)), ('978-1-902537-31-3', datetime.date(2025, 10, 7)), ('978-1-256-18488-1', datetime.date(2025, 10, 16)), ('978-0-580-10516-6', datetime.date(2025, 10, 20)), ('978-0-7103-8530-7', datetime.date(2025, 10, 12))]"
76,Jelena Stiebitz,06-11-1971,"Mielcarekgasse 86-97, 62194 Parchim",07.02.2027,"[('978-1-63045-260-5', datetime.date(2025, 10, 2))]"
214,Lorenz Matthäi,29-11-1950,"Nicolaus-Wirth-Allee 2/6, 47109 Wolfratshausen",13.01.2029,"[('978-1-892193-04-9', datetime.date(2025, 10, 1)), ('978-1-322-38722-2', datetime.date(2025, 10, 1)), ('978-1-61621-500-2', datetime.date(2025, 10, 19)), ('978-0-8215-9542-8', datetime.date(2025, 10, 14))]"
33,Ralf-Dieter Heintze,31-10-1914,"Hans-H.-Schacht-Straße 9-6, 64602 Kehl",15.02.2030,"[('978-0-448-33698-5', datetime.date(2025, 10, 10))]"
75,,30-12-2004,"Ottoring 88, 05621 Großenhain",21.08.2030,"[('978-1-194-18301-4', None), ('978-0-524-97155-0', None), ('978-1-4203-3140-0', None)]"
181,Miroslaw Mohaupt,11-01-1966,"Branko-Finke-Platz 3263, 85782 Hechingen",2029-11-15,"[('978-0-05-993549-2', datetime.date(2025, 10, 14)), ('978-0-211-59695-0', datetime.date(2025, 10, 15)), ('978-1-208-05216-9', datetime.date(2025, 10, 7)), ('978-1-4364-8086-4', datetime.date(2025, 10, 4)), ('978-0-7037-6490-4', datetime.date(2025, 10, 11))]"
45,Sibylle Trüb,09-12-1914,"Natali-Trapp-Weg 602, 33893 Staffelstein",2026-11-16,"[('0-13-579063-8', datetime.date(2025, 10, 17)), ('978-1-64525-906-0', datetime.date(2025, 10, 9)), ('978-1-86745-591-2', datetime.date(2025, 10, 3)), ('978-0-949693-05-1', datetime.date(2025, 10, 16))]"
19,Karl-Werner Renner,15-12-1909,"Rotraud-Löchel-Gasse 51, 66716 Wittstock",25.05.2026,"[('978-0-445-68043-2', datetime.date(2025, 10, 10)), ('978-1-175-63555-6', datetime.date(2025, 10, 5)), ('978-0-308-49674-3', datetime.date(2025, 10, 15))]"
213,Kathrin Barth,11-01-1973,"Kallertweg 76, 94646 Goslar",03.10.2027,"[('978-0-498-80987-3', datetime.date(2025, 10, 2)), ('978-1-57253-298-4', datetime.date(2025, 10, 15)), ('1-927268-17-6', datetime.date(2025, 10, 20)), ('978-0-8127-5084-3', datetime.date(2025, 10, 14))]"
158,Karl Heinz Gotthard,31-08-1907,"Jörn-Bolander-Ring 26-26, 59883 Fulda",14.10.2027,"[('978-0-251-30182-8', datetime.date(2025, 10, 17)), ('978-0-8417-5534-5', datetime.date(2025, 10, 19))]"
123,Geraldine Bloch,25-06-2002,"Cetin-Jopich-Platz 39-91, 61003 Kassel",08.03.2030,"[('978-1-283-80277-2', datetime.date(2025, 10, 8)), ('978-0-446-61040-7', datetime.date(2025, 10, 6)), ('978-1-930260-87-0', datetime.date(2025, 10, 19))]"
91,Claus Rust,16-04-1963,"Hans-Günter-Karz-Allee 6-9, 77025 Bad Brückenau",08.10.2028,"[('978-1-911194-71-2', datetime.date(2025, 10, 14))]"
29,Peter-Michael Krebs,27-02-1942,"Mendestraße 81-47, 52833 Roth",12.01.2029,"[('978-1-138-62171-8', datetime.date(2025, 10, 19)), ('978-0-370-69013-1', datetime.date(2025, 10, 20)), ('978-0-7389-2996-5', datetime.date(2025, 10, 19)), ('978-0-14-032732-8', datetime.date(2025, 10, 13))]"
50,Kirsten Kitzmann,01-02-1989,"Alwin-Wohlgemut-Straße 41/57, 36136 Rothenburg ob der Tauber",01.08.2030,"[('978-0-14-297169-7', datetime.date(2025, 10, 7)), ('978-0-7722-9856-0', datetime.date(2025, 10, 11)), ('978-1-85642-418-9', datetime.date(2025, 10, 5)), ('978-1-4377-1927-7', datetime.date(2025, 10, 9))]"
171,Arthur Oderwald,12-12-1941,"Gertzstr. 70/46, 20406 Siegen",01.01.2028,"[('978-1-363-07339-9', datetime.date(2025, 10, 4)), ('0-01-866209-9', datetime.date(2025, 10, 14)), ('978-1-274-99094-5', datetime.date(2025, 10, 20))]"
110,Rosemarie Höfig,14-09-1986,"Ruppersbergerweg 26-53, 08144 Schmölln",25.07.2026,"[('978-0-549-16553-8', datetime.date(2025, 10, 1))]"
106,Ria Bloch,,"Austermühlering 1087, 99123 Eggenfelden",30-04-2026,"[('978-0-04-433234-3', None), ('978-0-9710163-0-9', None), ('978-0-296-21568-5', None), ('978-1-339-47517-2', None), ('978-1-4153-6550-2', None)]"
210,Dieter Ziegert,19-06-1977,"Notburga-Heinz-Allee 8/4, 15359 Forchheim",13.05.2026,"[('978-1-314-20814-6', datetime.date(2025, 10, 19))]"
142,Michaela Klemm,12-06-1954,"Radischstr. 65, 29387 Stendal",24.01.2030,"[('978-1-05-192147-6', datetime.date(2025, 10, 5))]"
111,Sibylla Langern,23-11-1929,"Jelena-Ring-Platz 56-82, 12431 Eisenach",2029-02-19,"[('978-0-8259-0396-0', datetime.date(2025, 10, 17)), ('978-0-04-104198-9', datetime.date(2025, 10, 5)), ('978-1-5446-0092-5', datetime.date(2025, 10, 13)), ('978-0-02-304300-0', datetime.date(2025, 10, 13))]"
239,Zehra Kensy,10-03-1918,"Pärtzeltplatz 4, 00911 Einbeck",12.07.2030,"[('978-0-290-55118-5', datetime.date(2025, 10, 17)), ('978-0-408-69701-9', datetime.date(2025, 10, 1)), ('978-0-549-16553-8', datetime.date(2025, 10, 14)), ('1-5232-4441-0', datetime.date(2025, 10, 4))]"
59,Alice Kroker,22-06-1928,"Bergerstr. 757, 03199 Meißen",17.11.2027,"[('978-1-78263-127-9', datetime.date(2025, 10, 12)), ('978-1-74044-149-0', datetime.date(2025, 9, 30)), ('978-1-291-53163-3', datetime.date(2025, 10, 17)), ('978-0-378-13748-5', datetime.date(2025, 10, 3))]"
176,Ayten Täsche,25-08-1910,"Attila-Ruppert-Straße 59/46, 63516 Waldmünchen",16.12.2026,"[('978-0-7359-9280-1', datetime.date(2025, 10, 16))]"
63,Waldemar Scholl,05-11-1964,"Darius-Hendriks-Platz 6/1, 34862 Kitzingen",19.09.2026,"[('978-1-314-11767-7', datetime.date(2025, 10, 1)), ('978-0-05-661921-0', datetime.date(2025, 10, 19)), ('978-1-4474-4268-4', datetime.date(2025, 10, 13)), ('978-0-19-747125-8', datetime.date(2025, 10, 13))]"
177,Gesine Bolander,16-08-1933,"Striebitzgasse 95-30, 92264 Bruchsal",2026-09-02,"[('978-1-81094-163-9', datetime.date(2025, 10, 13)), ('978-1-80817-371-4', datetime.date(2025, 10, 18)), ('978-0-528-89371-1', datetime.date(2025, 10, 3)), ('978-1-83681-244-9', datetime.date(2025, 10, 5))]"
135,Bodo Kranz,06-11-1968,"Mahmut-Binner-Platz 94/64, 57327 Wittstock",28.06.2026,"[('978-1-4935-2716-8', datetime.date(2025, 10, 14)), ('978-0-417-94494-4', datetime.date(2025, 10, 16)), ('978-0-643-63292-9', datetime.date(2025, 9, 30)), ('978-1-5124-8986-6', datetime.date(2025, 10, 13)), ('978-1-967070-25-1', datetime.date(2025, 10, 5))]"
82,Nevenka Zirme,15-10-1970,"Trubinring 0, 57433 Neubrandenburg",24.08.2029,"[('978-1-4659-0098-2', datetime.date(2025, 10, 2)), ('978-0-13-946107-1', datetime.date(2025, 10, 20)), ('978-1-06-421284-4', datetime.date(2025, 10, 3)), ('978-1-243-47453-7', datetime.date(2025, 10, 9)), ('1-118-51692-3', datetime.date(2025, 10, 10))]"
89,Larissa Mohaupt,29-02-1912,"Reinhard-Trapp-Straße 65/62, 02728 Strasburg",2026-04-08,"[('978-1-05-524222-5', datetime.date(2025, 10, 10)), ('978-1-100-74775-0', datetime.date(2025, 10, 4))]"
243,Korbinian Schönland,01-05-1931,"Hessestr. 705, 40169 Wernigerode",28.03.2029,"[('978-1-216-61720-6', datetime.date(2025, 10, 17))]"
18,Adolf Bachmann,06-08-1920,"Fernando-Schmidt-Weg 9/5, 36696 Riesa",08.09.2027,"[('978-1-873435-68-7', datetime.date(2025, 10, 13)), ('978-0-9801197-9-4', datetime.date(2025, 10, 6)), ('978-0-337-33344-6', datetime.date(2025, 10, 12))]"
200,Andre Jähn,22-06-1916,"Klingelhöferplatz 95, 90253 Forst",27.01.2026,"[('978-0-273-34522-0', datetime.date(2025, 10, 2)), ('978-0-7559-8069-7', datetime.date(2025, 10, 10)), ('978-1-4756-4162-2', datetime.date(2025, 10, 13))]"
115,Anett Scheel,18-05-2000,"Speergasse 2-6, 49279 Borken",2030-07-28,"[('978-0-9561580-9-3', datetime.date(2025, 10, 19))]"
245,Jens-Uwe Pechel,31-05-1928,"Evi-Niemeier-Platz 583, 19544 Gransee",06.04.2026,"[('978-0-528-89371-1', datetime.date(2025, 10, 2)), ('978-0-7528-6126-5', datetime.date(2025, 10, 12)), ('978-1-878522-27-6', datetime.date(2025, 10, 1)), ('978-0-9684767-2-7', datetime.date(2025, 10, 4))]"
102,Mato Bachmann,07-08-1932,"Conradiallee 89/86, 17378 Amberg",11.10.2026,"[('978-1-77055-642-3', datetime.date(2025, 10, 1)), ('978-1-9791-5062-0', datetime.date(2025, 10, 16)), ('978-1-82457-386-4', datetime.date(2025, 10, 19)), ('978-1-127-90496-9', datetime.date(2025, 10, 1))]"
58,Bianka Möchlichen,15-09-1919,"Jeanette-Rohleder-Weg 6, 08024 Wolfach",01.03.2026,"[('978-1-72095-637-2', datetime.date(2025, 10, 6)), ('978-0-05-993549-2', datetime.date(2025, 10, 6)), ('978-1-303-98486-0', datetime.date(2025, 10, 7)), ('978-0-919775-34-3', datetime.date(2025, 10, 2))]"
166,Theobald Huhn,,"Kreuselring 444, 69991 Neu-Ulm",13.02.2028,"[('978-1-74951-823-0', None), ('0-09-113209-6', None), ('978-0-13-721263-7', None), ('978-1-61677-345-8', None), ('978-1-00-476563-8', None)]"
34,Aleksandar Jäntsch,25-08-2004,"Maren-Wesack-Weg 16-22, 27970 Lörrach",24.06.2027,"[('978-0-545-71666-6', datetime.date(2025, 10, 7)), ('978-0-240-19049-5', datetime.date(2025, 10, 20)), ('978-1-5179-3122-3', datetime.date(2025, 10, 8)), ('978-0-328-45086-2', datetime.date(2025, 10, 10))]"
233,Loretta Sauer,21-04-1990,"Ilija-Lorch-Platz 34, 87351 Oschatz",11.11.2028,"[('978-0-292-27797-7', datetime.date(2025, 10, 13)), ('978-0-15-841955-8', datetime.date(2025, 10, 9)), ('978-1-81609-367-7', datetime.date(2025, 10, 7))]"
31,Frieda Langern,01-08-1913,"Claus-Dieter-Kraus-Platz 35-97, 36265 Königs Wusterhausen",20.10.2029,"[('978-0-11-995336-7', datetime.date(2025, 9, 30))]"
85,Zenon Briemer,01-07-1972,"Döhnallee 7, 68190 Rudolstadt",04.09.2029,"[('978-1-222-08518-1', datetime.date(2025, 10, 9)), ('978-0-371-04782-8', datetime.date(2025, 10, 11)), ('978-0-15-274732-9', datetime.date(2025, 10, 15))]"
241,Hans-Dieter Hermann,26-12-1995,"Junkenweg 49-97, 08211 Lobenstein",25.04.2026,"[('978-1-4919-8240-2', datetime.date(2025, 10, 14))]"
66,Cynthia Zobel,07-06-1900,"Silja-Gutknecht-Allee 1389, 36231 Kusel",26.04.2028,"[('978-1-5452-3101-2', datetime.date(2025, 10, 14)), ('978-1-68326-748-5', datetime.date(2025, 10, 7)), ('978-0-426-65638-8', datetime.date(2025, 10, 8))]"
223,Gino Hofmann,23-06-1933,"Dörrstraße 2-4, 83029 Spremberg",21.08.2029,"[('978-0-340-40425-6', datetime.date(2025, 10, 4)), ('978-1-5124-8986-6', datetime.date(2025, 10, 10)), ('0-227-97056-X', datetime.date(2025, 10, 11))]"
247,Heidelinde Fiebig,13-06-1953,"Zdenka-Gunpf-Platz 9-9, 85404 Delitzsch",17.12.2029,"[('978-0-296-21568-5', datetime.date(2025, 10, 18))]"
195,Emmerich Schweitzer,17-02-1932,"Ellen-Werner-Ring 0, 66192 Badibling",2030-05-12,"[('978-0-87912-652-0', datetime.date(2025, 10, 10)), ('978-1-00-236488-8', datetime.date(2025, 10, 1)), ('978-0-915206-25-4', datetime.date(2025, 10, 13)), ('978-0-317-59669-4', datetime.date(2025, 10, 4)), ('978-0-7547-5675-0', datetime.date(2025, 10, 10))]"
136,Vladimir Reinhardt,20-06-1951,"Ryszard-Misicher-Weg 595, 27435 Ueckermünde",03.12.2029,"[('978-0-7969-0561-1', datetime.date(2025, 10, 10)), ('978-0-08-275359-9', datetime.date(2025, 10, 8))]"
207,Igor Briemer,15-01-1911,"Kallertstraße 6-4, 24199 Soest",28.01.2029,"[('978-1-00-125771-6', datetime.date(2025, 10, 16)), ('978-0-14-659694-0', datetime.date(2025, 10, 6)), ('978-1-05-449489-2', datetime.date(2025, 10, 11))]"
105,Marten Ladeck,06-10-1939,"Zlatko-Schlosser-Allee 5/5, 21527 Rostock",19.10.2026,"[('978-0-7152-1339-1', datetime.date(2025, 10, 13))]"
116,Hardy Bohnbach,10-07-1932,"Schmidtgasse 7702, 19737 Main-Höchst",24.11.2026,"[('978-0-263-39912-7', datetime.date(2025, 10, 4)), ('978-1-7384025-3-3', datetime.date(2025, 10, 5))]"
40,Madeleine,01-09-1987,,01.11.2027,[]
25,Siegmar Barth,28-07-1923,"Döhnring 12, 52553 Fallingbostel",14.01.2028,"[('978-0-595-14913-1', datetime.date(2025, 10, 13))]"
94,Margaret Dörr,01-10-1904,"Baumring 2/5, 20758 Wetzlar",28.06.2026,"[('978-0-414-79702-4', datetime.date(2025, 10, 9)), ('978-0-532-62692-3', datetime.date(2025, 10, 12)), ('0-02-002669-2', datetime.date(2025, 10, 5)), ('978-1-64946-100-1', datetime.date(2025, 10, 19)), ('0-7455-1444-8', datetime.date(2025, 10, 9))]"
138,Sandra Söding,10-04-1954,"Gerlachstr. 1767, 88057 Illertissen",16.09.2028,"[('978-1-55393-913-9', datetime.date(2025, 10, 15)), ('978-0-12-132953-2', datetime.date(2025, 10, 12)), ('978-1-56125-939-7', datetime.date(2025, 10, 10)), ('978-1-4755-5357-4', datetime.date(2025, 10, 16)), ('978-0-366-21134-0', datetime.date(2025, 10, 6))]"
246,Änne Stiffel,11-02-1959,"Zirmeplatz 9-8, 56999 Wolfenbüttel",16.07.2030,"[('978-0-643-63292-9', datetime.date(2025, 10, 20)), ('978-1-877897-90-0', datetime.date(2025, 10, 5)), ('978-0-446-61040-7', datetime.date(2025, 10, 13)), ('978-0-88510-764-3', datetime.date(2025, 9, 30)), ('978-1-67695-419-4', datetime.date(2025, 10, 1))]"
78,Sandra Matthäi,28-08-1910,"Scheibering 9/1, 25494 Düren",15.06.2026,"[('978-1-996195-38-3', datetime.date(2025, 9, 30))]"
170,Meta Scholtz,09-12-1911,"Rosel-Holt-Weg 44, 23952 Werdau",11.10.2029,"[('978-0-403-75240-9', datetime.date(2025, 10, 10))]"
150,Sarah Gnatz,15-12-1916,"Marita-Zorbach-Platz 22/53, 67994 Groß-Gerau",,"[('978-0-417-94494-4', None)]"
64,Emine Stiffel,09-03-1902,"Heserweg 6, 09299 Wittenberg",18.11.2026,"[('978-0-659-29549-1', datetime.date(2025, 10, 13)), ('0-604-02526-2', datetime.date(2025, 10, 13)), ('978-0-549-16553-8', datetime.date(2025, 10, 15)), ('978-1-356-18207-7', datetime.date(2025, 10, 9)), ('1-927268-17-6', datetime.date(2025, 10, 12))]"
43,Ingrid Lorch,11-04-1999,"Stefano-Caspar-Platz 3-9, 95470 Mainburg",19.03.2026,"[('978-1-70712-690-3', datetime.date(2025, 10, 6)), ('978-1-902537-31-3', datetime.date(2025, 10, 11))]"
22,Milos Noack,20-03-1940,"Dietzplatz 280, 25133 Brilon",01.08.2028,"[('978-0-654-99322-4', datetime.date(2025, 10, 8)), ('978-0-926389-50-2', datetime.date(2025, 10, 6))]"
147,Leonid Reichmann,06-09-1970,"Mohammad-Hiller-Straße 5289, 91405 Dresden",25.01.2027,"[('978-0-18-046042-9', datetime.date(2025, 10, 19))]"
180,Ariane Klingelhöfer,26-07-2006,"Steinbergplatz 6, 92954 Hettstedt",,[]
249,Evelin Ullmann,20-04-1918,"Reingard-Schleich-Gasse 10, 57183 Güstrow",02.10.2028,"[('978-1-352-82959-4', datetime.date(2025, 10, 4)), ('978-0-388-53522-6', datetime.date(2025, 10, 8))]"
86,Rolf-Peter Hendriks,17-06-1979,"Mülichenallee 4/1, 27002 Sankt Goarshausen",08.11.2026,"[('978-1-4598-7647-7', datetime.date(2025, 10, 7)), ('978-1-5490-8897-1', datetime.date(2025, 10, 14))]"
209,Heinz-Werner Beier,18-09-2002,"Rudolf-Müller-Allee 43/30, 52909 Soltau",24.11.2028,"[('978-0-88107-455-0', datetime.date(2025, 10, 15))]"
130,Britta Bolzmann,04-11-1932,"Segebahngasse 3-2, 53070 Warendorf",06.08.2028,"[('978-0-8061-1601-3', datetime.date(2025, 10, 11))]"
8,Gretl Bonbach,19-05-1935,"Plathstr. 31, 04756 Melsungen",19.05.2027,"[('978-1-936335-75-6', datetime.date(2025, 10, 14)), ('978-0-348-81161-2', datetime.date(2025, 10, 6))]"
113,Eberhard Killer,16-06-2000,"Fritschgasse 83/62, 50141 Aue",09.09.2028,"[('978-1-71308-552-2', datetime.date(2025, 10, 16)), ('978-1-4831-5341-4', datetime.date(2025, 10, 1)), ('978-0-15-841955-8', datetime.date(2025, 10, 17))]"
193,Hansgeorg Otto,25-04-1922,"Jochem-Bender-Platz 3536, 50948 Viechtach",27.09.2030,"[('978-1-85830-562-2', datetime.date(2025, 10, 10)), ('978-0-385-83790-3', datetime.date(2025, 10, 4)), ('978-0-06-427331-2', datetime.date(2025, 10, 8)), ('978-1-03-816249-6', datetime.date(2025, 10, 20)), ('978-0-10-171749-6', datetime.date(2025, 10, 9))]"
133,Lilly Walter,20-12-1937,"Fritschring 1/5, 69461 Gerolzhofen",11.11.2026,"[('978-1-86635-738-5', datetime.date(2025, 9, 30)), ('978-0-13-071647-7', datetime.date(2025, 10, 10)), ('978-1-70749-715-7', datetime.date(2025, 10, 17)), ('978-0-301-52384-2', datetime.date(2025, 10, 10))]"
237,Albertine Eberth,27-09-1935,"Kirsten-Hänel-Allee 5/3, 36860 Main-Höchst",14.12.2026,"[('978-0-9896737-5-4', datetime.date(2025, 10, 15)), ('978-0-580-10516-6', datetime.date(2025, 10, 16))]"
62,Aenne Weinhold,20-01-1940,"Weimerweg 98, 35126 Bogen",25.03.2028,"[('978-0-89547-086-7', datetime.date(2025, 10, 15)), ('978-1-85642-418-9', datetime.date(2025, 10, 11)), ('978-0-8417-5534-5', datetime.date(2025, 10, 8)), ('978-1-59333-919-7', datetime.date(2025, 10, 20)), ('978-0-02-696323-7', datetime.date(2025, 10, 8))]"
87,Hermine Reinhardt,17-12-1909,"Laszlo-Rosenow-Gasse 21/54, 01466 Bützow",26.04.2026,"[('978-0-926910-59-1', datetime.date(2025, 9, 30)), ('978-0-639-05702-6', datetime.date(2025, 10, 18)), ('978-0-441-57224-3', datetime.date(2025, 10, 1)), ('978-0-577-42604-5', datetime.date(2025, 10, 16))]"
4,Walli Hein,08-08-1947,"Junitzgasse 0, 16205 Sömmerda",01.06.2028,"[('978-1-56533-083-2', datetime.date(2025, 10, 12))]"
92,Eckehard,NULL,"Alfonso-Haering-Gasse 9329, 91918 Nauen",17.11.2028,"[('978-1-9799-1429-1', None), ('978-1-71657-244-9', None), ('978-1-319-36430-4', None)]"
11,Anto Zorbach,01-06-1946,"Ilja-Ditschlerin-Straße 593, 24011 Quedlinburg",12.04.2030,"[('978-0-613-28140-9', None), ('978-0-07-951777-7', None), ('978-1-59333-919-7', None), ('978-1-358-41564-7', None)]"
74,Slavica Weimer,19-08-1965,"Pechelgasse 4, 08017 Holzminden",2026-12-16,"[('978-1-274-99094-5', datetime.date(2025, 10, 17)), ('978-0-9790802-9-6', datetime.date(2025, 10, 5)), ('978-1-949059-59-5', datetime.date(2025, 10, 9))]"
212,Agnes Meyer,20-11-1940,"Nuri-Heser-Weg 3694, 50653 Kyritz",26.08.2030,"[('978-0-16-406409-4', datetime.date(2025, 10, 15)), ('978-0-630-46472-4', datetime.date(2025, 10, 11))]"
228,Romy Hornig,15-09-2001,"Geißlerring 8/5, 66948 Anklam",13.12.2027,"[('978-1-05-184823-0', datetime.date(2025, 9, 30)), ('978-0-248-80617-6', datetime.date(2025, 10, 11))]"
165,Thilo Schüler,08-07-1923,"Barthring 2-3, 16097 Ebersberg",23.12.2029,"[('978-0-259-68214-1', datetime.date(2025, 10, 6))]"
14,Heinz-Günter Pruschke,16-02-1913,"Bonbachstraße 7352, 72389 Ebern",17.05.2026,"[('978-0-629-85653-0', datetime.date(2025, 10, 16))]"
146,Karl-Dieter Hamann,17-04-1992,"Marlene-Schomber-Platz 5-5, 50675 Herzberg",2027-01-04,"[('978-0-626-00599-3', datetime.date(2025, 10, 10)), ('978-0-9552396-0-1', datetime.date(2025, 10, 1)), ('978-1-80931-752-0', datetime.date(2025, 10, 17)), ('978-1-4768-6678-9', datetime.date(2025, 10, 13))]"
149,Hilde Matthäi,19-01-2002,"Torsten-Gorlitz-Straße 59/17, 92376 Kötzting",28.08.2026,"[('978-0-9547056-4-0', datetime.date(2025, 10, 9)), ('978-1-391-87450-0', datetime.date(2025, 10, 16)), ('978-0-8131-8794-5', datetime.date(2025, 10, 2)), ('978-1-77568-445-9', datetime.date(2025, 10, 9))]"
68,Gregor Heidrich,13-03-1987,"Karlfried-Bien-Platz 52/86, 46863 Parsberg",15.07.2030,"[('978-0-8250-0641-8', datetime.date(2025, 10, 20))]"
202,Kemal Schottin,12-11-1935,"Luitgard-Gieß-Weg 72/71, 72084 Wolfratshausen",21.04.2026,"[('978-1-5244-5942-0', datetime.date(2025, 10, 4)), ('978-0-17-272605-2', datetime.date(2025, 10, 3)), ('978-1-5179-3122-3', datetime.date(2025, 10, 12))]"
122,Heinz-Werner Franke,17-07-1946,"Scholzweg 10, 49546 Schwandorf",17.01.2029,"[('978-0-01-213170-1', datetime.date(2025, 10, 14)), ('978-0-498-62790-3', datetime.date(2025, 10, 7)), ('978-1-154-19920-8', datetime.date(2025, 10, 15))]"
37,Nikolaos Vollbrecht,27-11-1992,"Gitta-Bender-Platz 49/10, 68235 Hünfeld",19.05.2026,"[('978-0-17-272605-2', datetime.date(2025, 10, 10)), ('978-1-60422-311-8', datetime.date(2025, 10, 19)), ('978-0-282-75378-8', datetime.date(2025, 10, 5))]"
95,Yilmaz Beer,09-02-1916,"Ante-Heuser-Weg 9, 84619 Kehl",03.01.2027,"[('978-0-273-34522-0', datetime.date(2025, 10, 17)), ('978-0-306-16453-8', datetime.date(2025, 10, 5))]"
17,Cecilia Schuster,19-10-2005,"Barthallee 55-13, 53843 Forchheim",21.02.2026,"[('978-1-284-35478-2', datetime.date(2025, 10, 6)), ('978-1-135-07748-8', datetime.date(2025, 10, 13))]"
36,Nikolas Süßebier,09-10-1924,"Vadim-Lübs-Straße 79-43, 57566 Aue",07.11.2026,"[('978-0-427-19033-1', datetime.date(2025, 10, 17))]"
161,Gertraut Müller,14-09-1997,"Schusterallee 73-36, 41541 Badibling",10.08.2029,"[('978-1-03-025903-3', datetime.date(2025, 10, 11)), ('978-0-04-028162-1', datetime.date(2025, 10, 19)), ('978-0-7532-9373-7', datetime.date(2025, 10, 7)), ('1-927268-17-6', datetime.date(2025, 10, 7))]"
6,Gottlieb Fröhlich,29-03-1939,"Gabriel-Adler-Allee 22-59, 17623 Auerbach",14.11.2026,"[('978-1-968078-85-0', datetime.date(2025, 10, 9)), ('978-1-246-04414-0', datetime.date(2025, 10, 8)), ('978-1-56231-660-0', datetime.date(2025, 10, 4)), ('978-1-4936-9428-0', datetime.date(2025, 10, 9)), ('0-381-55838-X', datetime.date(2025, 10, 4))]"
185,Marie-Theres Kranz,19-01-1970,"Etzlergasse 84/10, 65494 Gießen",2029-02-11,"[('978-0-7508-6002-4', datetime.date(2025, 10, 20))]"
183,Herta Kramer,13-05-1962,"Uschi-Pechel-Weg 8164, 10185 Strausberg",16.08.2026,"[('978-0-682-87101-3', datetime.date(2025, 9, 30)), ('978-1-77568-445-9', datetime.date(2025, 10, 10)), ('978-1-357-09119-4', datetime.date(2025, 10, 18)), ('978-1-4513-3812-6', datetime.date(2025, 10, 20))]"
162,Maximilian Gunpf,13-06-1998,"Kadeplatz 305, 73789 Calau",26.04.2028,"[('978-0-00-589809-3', datetime.date(2025, 10, 14)), ('978-1-115-59954-2', datetime.date(2025, 10, 11)), ('978-0-7037-6490-4', datetime.date(2025, 10, 16)), ('978-1-154-19920-8', datetime.date(2025, 10, 15))]"
71,Reinald Hornig,22-07-1997,,27.05.2030,"[('978-0-8065-9424-8', None), ('978-1-62719-527-0', None), ('978-0-654-99322-4', None), ('978-1-958578-32-2', None)]"
153,Ria Ladeck,27-11-1965,"Zänkerstraße 7-4, 02354 Main-Höchst",12.08.2027,"[('978-1-349-92859-0', datetime.date(2025, 10, 17)), ('978-1-08-479584-6', datetime.date(2025, 10, 14)), ('978-1-77261-048-2', datetime.date(2025, 10, 18)), ('978-0-396-49208-5', datetime.date(2025, 10, 9)), ('978-0-620-71644-4', datetime.date(2025, 10, 11))]"
216,Wanda Faust,21-02-1990,"Tillmann-Schulz-Platz 13/73, 64534 Peine",22.02.2030,"[('978-0-613-28140-9', datetime.date(2025, 10, 5)), ('978-1-02-861546-9', datetime.date(2025, 10, 10)), ('978-1-144-19499-2', datetime.date(2025, 10, 16))]"
79,Carola Stahr,08-11-1936,"Lukas-Eimer-Ring 33-24, 08708 Gardelegen",15.09.2026,"[('0-355-56337-1', datetime.date(2025, 9, 30)), ('978-1-942209-46-1', datetime.date(2025, 10, 6))]"
67,Hans-Christian Gröttner,23-09-1978,"Jesselstraße 67/90, 24357 Merseburg",07.05.2030,"[('978-1-942880-46-2', datetime.date(2025, 10, 2)), ('978-1-4018-9273-9', datetime.date(2025, 10, 3)), ('978-0-9874747-6-6', datetime.date(2025, 10, 8))]"
204,Thilo Dietz,02-10-1970,"Sabine-Stoll-Weg 120, 89809 Backnang",04.05.2026,"[('978-0-7037-6490-4', datetime.date(2025, 10, 11)), ('978-0-925207-60-9', datetime.date(2025, 10, 17)), ('978-1-291-30386-5', datetime.date(2025, 10, 2)), ('978-1-360-89010-4', datetime.date(2025, 10, 7))]"
169,Marijan Tlustek,28-10-1981,"Sylvio-Sauer-Allee 5/6, 84104 Griesbach Rottal",11.08.2026,"[('0-675-41232-3', datetime.date(2025, 10, 1)), ('978-1-230-61182-2', datetime.date(2025, 10, 9)), ('978-0-9745888-8-9', datetime.date(2025, 10, 15)), ('978-1-989466-52-0', datetime.date(2025, 10, 19)), ('978-1-80891-196-5', datetime.date(2025, 10, 10))]"
226,Wieland Dippel,11-08-1911,"Lehmannring 4437, 96158 Schwerin",24.11.2029,"[('978-1-297-29309-2', datetime.date(2025, 10, 2))]"
156,Petros Mangold,12-04-1983,"Geiselstr. 5/3, 98935 Rottweil",07.01.2028,"[('978-1-279-07866-2', datetime.date(2025, 10, 9)), ('978-1-5426-8998-4', datetime.date(2025, 10, 19)), ('978-1-58618-772-9', datetime.date(2025, 10, 9))]"
125,Ingetraud Budig,28-06-1925,"Ditschlerinallee 1015, 90983 Biedenkopf",28.06.2030,"[('0-287-35381-8', datetime.date(2025, 10, 12)), ('978-0-85615-247-4', datetime.date(2025, 10, 18)), ('978-1-71341-911-2', datetime.date(2025, 10, 13)), ('978-1-9791-5062-0', datetime.date(2025, 10, 8)), ('978-0-9552396-0-1', datetime.date(2025, 10, 9))]"
26,Maximilian Lachmann,18-08-1909,"Mudestr. 782, 72422 Ueckermünde",14.06.2027,"[('978-1-09-328291-7', datetime.date(2025, 10, 6)), ('978-1-175-63555-6', datetime.date(2025, 10, 7))]"
65,,19-03-1910,"Heiner-Gröttner-Allee 4/8, 86282 Uelzen",30-04-2026,"[('978-1-4958-5131-5', None), ('978-1-64544-250-9', None), ('978-0-07-673435-1', None), ('0-7597-5293-1', None)]"
